movieId,tagId,relevance
1,1,0.028749999999999998
1,2,0.023749999999999993
1,3,0.0625
1,4,0.07574999999999998
1,5,0.14075
1,6,0.14675
1,7,0.0635
1,8,0.20375
1,9,0.202
1,10,0.03075
1,11,0.58025